{
  "agnews": {
    "before_cnn": {
      "mean": 90.38157894736842,
      "std": 0.3091405295913353,
      "n_seeds": 5
    },
    "between": {
      "mean": 90.42105263157895,
      "std": 0.4108129903245399,
      "n_seeds": 5
    },
    "after_lstm": {
      "mean": 91.32105263157897,
      "std": 0.1657268051982486,
      "n_seeds": 5
    }
  },
  "imdb": {
    "before_cnn": {
      "mean": 53.5688,
      "std": 4.349047086431697,
      "n_seeds": 5
    },
    "between": {
      "mean": 65.1808,
      "std": 12.267745911943239,
      "n_seeds": 5
    },
    "after_lstm": {
      "mean": 84.92960000000001,
      "std": 0.17817923560280494,
      "n_seeds": 5
    }
  },
  "arxiv": {
    "before_cnn": {
      "mean": 24.048,
      "std": 8.878140345815671,
      "n_seeds": 5
    },
    "between": {
      "mean": 18.008000000000003,
      "std": 5.601508368287956,
      "n_seeds": 5
    },
    "after_lstm": {
      "mean": 83.856,
      "std": 0.7399891891102177,
      "n_seeds": 5
    }
  }
}